-- phpMyAdmin SQL Dump
-- version 4.1.14
-- http://www.phpmyadmin.net
--
-- Client :  127.0.0.1
-- Généré le :  Mer 30 Septembre 2015 à 16:19
-- Version du serveur :  5.6.17
-- Version de PHP :  5.5.12

SET SQL_MODE = "NO_AUTO_VALUE_ON_ZERO";
SET time_zone = "+00:00";


/*!40101 SET @OLD_CHARACTER_SET_CLIENT=@@CHARACTER_SET_CLIENT */;
/*!40101 SET @OLD_CHARACTER_SET_RESULTS=@@CHARACTER_SET_RESULTS */;
/*!40101 SET @OLD_COLLATION_CONNECTION=@@COLLATION_CONNECTION */;
/*!40101 SET NAMES utf8 */;

--
-- Base de données :  `rugby`
--

-- --------------------------------------------------------

--
-- Structure de la table `covoit`
--

CREATE TABLE IF NOT EXISTS `covoit` (
  `id_covoit` int(11) NOT NULL AUTO_INCREMENT,
  `id_trajet` int(11) NOT NULL,
  `id_mbr` int(11) NOT NULL,
  PRIMARY KEY (`id_covoit`)
) ENGINE=InnoDB  DEFAULT CHARSET=latin1 AUTO_INCREMENT=1 ;

--
-- Contenu de la table `covoit`
--

INSERT INTO `covoit` (`id_covoit`, `id_trajet`, `id_mbr`) VALUES
(1, 333, 135),
(2, 1, 135),
(3, 263, 135),
(4, 190, 135);

-- --------------------------------------------------------

--
-- Structure de la table `equipes`
--

CREATE TABLE IF NOT EXISTS `equipes` (
  `id_equipe` int(11) NOT NULL AUTO_INCREMENT,
  `nom` text NOT NULL,
  `flag` text NOT NULL,
  PRIMARY KEY (`id_equipe`)
) ENGINE=InnoDB  DEFAULT CHARSET=latin1 AUTO_INCREMENT=1 ;

--
-- Contenu de la table `equipes`
--

INSERT INTO `equipes` (`id_equipe`, `nom`, `flag`) VALUES
(1, 'Canada', 'ca.png'),
(2, 'Royaume-Uni', 'gb.png'),
(3, 'Japon', 'jp.png'),
(4, 'États-Unis', 'us.png'),
(5, 'France', 'fr.png'),
(6, 'Allemagne', 'de.png'),
(7, 'Brésil', 'br.png'),
(8, 'Italie', 'it.png'),
(9, 'Corée du Sud', 'fr.png'),
(10, 'Australie', 'au.png'),
(11, 'Chine', 'cn.png'),
(12, 'Israël', 'il.png'),
(13, 'Autriche', 'at.png'),
(14, 'Belgique', 'be.png'),
(15, 'Bulgarie', 'bg.png'),
(16, 'Danemark', 'dk.png'),
(17, 'Espagne', 'es.png'),
(18, 'Finlande', 'fi.png'),
(19, 'Grèce', 'gr.png'),
(20, 'Irlande', 'ie.png'),
(21, 'Islande', 'is.png'),
(22, 'Norvège', 'no.png'),
(23, 'Pologne', 'pl.png'),
(24, 'Portugal', 'pt.png'),
(25, 'Russie', 'ru.png'),
(26, 'Suède', 'se.png');

-- --------------------------------------------------------

--
-- Structure de la table `matches`
--

CREATE TABLE IF NOT EXISTS `matches` (
  `id_match` int(11) NOT NULL AUTO_INCREMENT,
  `equ_a` int(11) NOT NULL,
  `equ_b` int(11) NOT NULL,
  `ville` text CHARACTER SET utf8 NOT NULL,
  `date_match` date NOT NULL,
  PRIMARY KEY (`id_match`),
  KEY `fk_equ_a` (`equ_a`),
  KEY `fk_equ_b` (`equ_b`)
) ENGINE=InnoDB  DEFAULT CHARSET=utf8 COLLATE=utf8_bin AUTO_INCREMENT=1 ;

--
-- Contenu de la table `matches`
--

INSERT INTO `matches` (`id_match`, `equ_a`, `equ_b`, `ville`, `date_match`) VALUES
(1, 11, 6, 'Liverpool', '2015-05-20'),
(2, 6, 15, 'Édimbourg', '2015-08-18'),
(3, 2, 17, 'Londres', '2015-10-08'),
(4, 23, 20, 'Glasgow', '2015-07-17'),
(5, 6, 7, 'Wolverhampton', '2015-04-07'),
(6, 2, 15, 'Stoke-on-Trent', '2015-12-16'),
(7, 11, 8, 'Reading', '2015-03-15'),
(8, 6, 1, 'Belfast', '2015-03-09'),
(9, 21, 12, 'Belfast', '2015-06-01'),
(10, 7, 6, 'Kingston-upon-Hull', '2015-09-10'),
(11, 22, 24, 'Londres', '2015-10-07'),
(12, 16, 17, 'Dudley', '2015-11-07'),
(13, 1, 12, 'Bristol', '2015-06-06'),
(14, 23, 14, 'Liverpool', '2015-07-18'),
(15, 17, 18, 'Wolverhampton', '2015-05-06'),
(16, 12, 22, 'Manchester', '2015-07-25'),
(17, 9, 19, 'Coventry', '2015-05-23'),
(18, 13, 24, 'Sheffield', '2015-02-18'),
(19, 21, 15, 'Sheffield', '2015-11-28'),
(20, 19, 23, 'Stoke-on-Trent', '2015-02-03'),
(21, 1, 8, 'Bradford', '2015-03-16'),
(22, 8, 12, 'Derby', '2015-03-06'),
(23, 15, 14, 'Londres', '2015-12-16'),
(24, 7, 25, 'Coventry', '2015-04-10'),
(25, 16, 15, 'Coventry', '2015-06-16'),
(26, 21, 23, 'Manchester', '2015-03-01'),
(27, 5, 10, 'Luton', '2015-01-30'),
(28, 20, 19, 'Bradford', '2015-12-13'),
(29, 8, 18, 'Stoke-on-Trent', '2015-08-17'),
(30, 1, 2, 'Plymouth', '2015-06-30'),
(31, 17, 18, 'Portsmouth', '2015-10-03'),
(32, 11, 22, 'Portsmouth', '2015-09-04'),
(33, 26, 17, 'Belfast', '2015-04-12'),
(34, 9, 7, 'Glasgow', '2015-08-07'),
(35, 10, 18, 'Reading', '2015-05-12'),
(36, 1, 23, 'Édimbourg', '2015-08-17'),
(37, 23, 18, 'Manchester', '2015-10-18'),
(38, 17, 5, 'Leicester', '2015-09-17'),
(39, 10, 2, 'Derby', '2015-10-19'),
(40, 25, 23, 'Kingston-upon-Hull', '2015-11-03'),
(41, 19, 18, 'Belfast', '2015-09-11'),
(42, 8, 15, 'Londres', '2015-10-12'),
(43, 3, 15, 'Luton', '2015-05-18'),
(44, 3, 24, 'Leicester', '2015-07-17'),
(45, 11, 19, 'Londres', '2015-10-24'),
(46, 18, 1, 'Dudley', '2015-02-05'),
(47, 13, 26, 'Coventry', '2015-12-02'),
(48, 1, 22, 'Leeds', '2015-07-18'),
(49, 14, 8, 'Northampton', '2015-10-16'),
(50, 5, 6, 'Derby', '2015-05-08');

-- --------------------------------------------------------

--
-- Structure de la table `membre`
--

CREATE TABLE IF NOT EXISTS `membre` (
  `id_mbr` int(11) NOT NULL AUTO_INCREMENT,
  `prenom_mbr` text CHARACTER SET latin1 NOT NULL,
  `nom_mbr` text CHARACTER SET latin1 NOT NULL,
  `email` text NOT NULL,
  `adresse_mbr` text CHARACTER SET latin1 NOT NULL,
  `fav_team` text NOT NULL,
  `date_naiss_mbr` date NOT NULL,
  `date_permis_mbr` date NOT NULL,
  `voiture_mbr` text CHARACTER SET latin1 NOT NULL,
  `pwd` text CHARACTER SET latin1 NOT NULL,
  `verification` text,
  PRIMARY KEY (`id_mbr`)
) ENGINE=InnoDB  DEFAULT CHARSET=utf8 AUTO_INCREMENT=1 ;

--
-- Contenu de la table `membre`
--

INSERT INTO `membre` (`id_mbr`, `prenom_mbr`, `nom_mbr`, `email`, `adresse_mbr`, `fav_team`, `date_naiss_mbr`, `date_permis_mbr`, `voiture_mbr`, `pwd`, `verification`) VALUES
(1, 'Christopher', 'RIBBENTROP', 'Christopher.RIBBENTROP@gmail.com', '379 rue de tour - 23000', '', '1987-03-27', '2008-01-01', 'FORD', '5447aa4026288039fccf95cf270282b3', ''),
(2, 'Maude', 'PEYRAS', 'Maude.PEYRAS@gmail.com', '27 rue de ligne - 58000', '', '1981-01-23', '2003-01-01', 'FORD', '21ab58f974a9ff9ce570e7c693c31f05', ''),
(3, 'Mégan', 'GIBOIRE', 'Mégan.GIBOIRE@gmail.com', '363 rue de lèvre - 57000', '', '1975-06-18', '2006-01-01', 'FORD', '2186c6e5bcdc2bc7173fc35c91233c86', ''),
(4, 'Arianne', 'FAYEL', 'Arianne.FAYEL@gmail.com', '66 rue de chef - 69000', '', '1978-06-16', '1998-01-01', 'FORD', 'f372ed99ef2da1d267abab998fa1f27c', ''),
(5, 'Léanne', 'FOLIOT', 'Léanne.FOLIOT@gmail.com', '68 rue de carte - 80000', '', '1974-11-02', '2002-01-01', 'OPEL', '69f546924340912eb981843d009aa429', ''),
(6, 'Antoine', 'NOAILLY', 'Antoine.NOAILLY@gmail.com', '336 rue de gueule - 94000', '', '1964-11-16', '2006-01-01', 'PEUGEOT', 'ea71829d9d7a2be76b5c583749a81a9d', ''),
(7, 'Laurence', 'BALLANDRAS', 'Laurence.BALLANDRAS@gmail.com', '42 rue de habitude - 81000', '', '1984-03-25', '2005-01-01', 'FORD', '9bf95b99f5b1b6c9a2293cea0865db53', ''),
(8, 'Clara', 'LARGILLIERE', 'Clara.LARGILLIERE@gmail.com', '112 rue de fenêtre - 48000', '', '1994-12-22', '2012-01-01', 'AUDI', '0afca49306b28c1650a1d4130a6a0ce1', ''),
(9, 'Nicolas', 'RICQ', 'Nicolas.RICQ@gmail.com', '57 rue de langue - 44000', '', '1962-11-21', '1980-01-01', 'PEUGEOT', 'd9fd932e114c21309e61c08496bdc78e', ''),
(10, 'Maxime', 'LUTHUN', 'Maxime.LUTHUN@gmail.com', '333 rue de idée - 69000', '', '1973-07-17', '2004-01-01', 'MINI', '29fa6fea3fb6a0b220cafa56634e860c', ''),
(11, 'Emy', 'CARINTHIE', 'Emy.CARINTHIE@gmail.com', '236 rue de faim - 32000', '', '1991-01-28', '2011-01-01', 'OPEL', '3a38ea5ccdff755dfd78cb05b2703507', ''),
(12, 'Léo', 'TAPIE', 'Léo.TAPIE@gmail.com', '354 rue de lèvre - 36000', '', '1973-07-05', '2001-01-01', 'PEUGEOT', '7072acdc60784002bb180d9f511f5da3', ''),
(13, 'Marianne', 'VALIER', 'Marianne.VALIER@gmail.com', '300 rue de maman - 85000', '', '1960-09-22', '1982-01-01', 'OPEL', '4602da187c6e221d00d02826db1bfd6a', ''),
(14, 'Océane', 'RUAS', 'Océane.RUAS@gmail.com', '346 rue de couleur - 38000', '', '1987-06-01', '2008-01-01', 'MINI', 'ab989a147088cbf2ca1a32ec140bf90b', ''),
(15, 'Maxime', 'CROUE', 'Maxime.CROUE@gmail.com', '105 rue de femme - 34000', '', '1958-05-14', '2011-01-01', 'AUDI', '29fa6fea3fb6a0b220cafa56634e860c', ''),
(16, 'Charlotte', 'MURATET', 'Charlotte.MURATET@gmail.com', '6 rue de cour - 76000', '', '1984-12-16', '2012-01-01', 'FORD', '7647b2d875a94093cbc99f6f2cbfda77', ''),
(17, 'Juliette', 'TARTIERE', 'Juliette.TARTIERE@gmail.com', '328 rue de boîte - 94000', '', '1990-02-11', '2012-01-01', 'AUDI', 'a282b74adb7726c007dde900e0b2e9e9', ''),
(18, 'Félix', 'BORGET', 'Félix.BORGET@gmail.com', '305 rue de manière - 70000', '', '1953-08-22', '1983-01-01', 'AUDI', 'a0b9489db03d8b24eea288e450de0b7d', ''),
(19, 'Antoine', 'PAYNE', 'Antoine.PAYNE@gmail.com', '268 rue de dame - 89000', '', '1962-05-18', '2010-01-01', 'TESLA', 'ea71829d9d7a2be76b5c583749a81a9d', ''),
(20, 'Dylan', 'FOURNEYRON', 'Dylan.FOURNEYRON@gmail.com', '258 rue de classe - 27000', '', '1951-11-14', '1986-01-01', 'TESLA', '7acea768faa38ac5ca6798c85785a5a8', ''),
(21, 'Simon', 'NOAILLY', 'Simon.NOAILLY@gmail.com', '359 rue de classe - 62000', '', '1972-01-19', '2001-01-01', 'MINI', '78843575bf3437d87361a2aba0a3fdea', ''),
(22, 'Emy', 'RIVOLLIER', 'Emy.RIVOLLIER@gmail.com', '180 rue de joie - 84000', '', '1960-10-20', '1996-01-01', 'CITROEN', '3a38ea5ccdff755dfd78cb05b2703507', ''),
(23, 'Rosalie', 'GEANT', 'Rosalie.GEANT@gmail.com', '340 rue de manière - 27000', '', '1955-06-24', '2006-01-01', 'CITROEN', '764ba3abe3b9d236da9a5445a41edf45', ''),
(24, 'Justine', 'RIVOLLIER', 'Justine.RIVOLLIER@gmail.com', '178 rue de ombre - 26000', '', '1958-11-18', '2012-01-01', 'TESLA', 'b7f54569f82cc34fcdff75a314ccfd2e', ''),
(25, 'Maélie', 'MEYSSONNIER', 'Maélie.MEYSSONNIER@gmail.com', '19 rue de heure - 34000', '', '1984-05-05', '2004-01-01', 'OPEL', '9942e7f04918293c0e0d43a3c2844b9f', ''),
(26, 'Émilie', 'MOCH', 'Émilie.MOCH@gmail.com', '332 rue de tour - 74000', '', '1984-03-18', '2011-01-01', 'TESLA', 'faca904cdc5b46f82778f2ff92abcc87', ''),
(27, 'Logan', 'BOURDIEC', 'Logan.BOURDIEC@gmail.com', '194 rue de fenêtre - 6000', '', '1968-01-20', '1990-01-01', 'TESLA', '2e1d1e3fe8265865efbc8cbb4baaf4e8', ''),
(28, 'Samuel', 'LOUBERE', 'Samuel.LOUBERE@gmail.com', '283 rue de main - 83000', '', '1988-03-22', '2006-01-01', 'MINI', '3e6f7568aac84d6a7dfe1b3641698697', ''),
(29, 'Alicia', 'JULIOT', 'Alicia.JULIOT@gmail.com', '398 rue de nuit - 41000', '', '1964-02-12', '2008-01-01', 'FORD', '55195b6de48e7e8dcd54f70cad56d8d3', ''),
(30, 'Maélie', 'GIBOIRE', 'Maélie.GIBOIRE@gmail.com', '132 rue de madame - 38000', '', '1963-10-10', '1996-01-01', 'TESLA', '9942e7f04918293c0e0d43a3c2844b9f', ''),
(31, 'Océane', 'MURATET', 'Océane.MURATET@gmail.com', '225 rue de merde - 88000', '', '1989-12-14', '2011-01-01', 'BMW', 'ab989a147088cbf2ca1a32ec140bf90b', ''),
(32, 'Aurélie', 'NOULENS', 'Aurélie.NOULENS@gmail.com', '311 rue de garde - 38000', '', '1975-09-07', '1999-01-01', 'PEUGEOT', '7acdec8b181aa8cac7a5f454629c62b8', ''),
(33, 'Isaac', 'JU', 'Isaac.JU@gmail.com', '189 rue de force - 25000', '', '1950-08-17', '2003-01-01', 'AUDI', 'ba092f0aca4ee5d510274c706a8f336a', ''),
(34, 'Daphnée', 'BEAUCOUSIN', 'Daphnée.BEAUCOUSIN@gmail.com', '364 rue de aide - 7000', '', '1951-03-09', '1977-01-01', 'PEUGEOT', 'acc5f460fb12b6883ab64bdbb843a1d0', ''),
(35, 'Alexia', 'TALHOUET', 'Alexia.TALHOUET@gmail.com', '387 rue de mort - 61000', '', '1959-12-15', '1988-01-01', 'BMW', '42dbac47a4a74633195ad10e807f80d0', ''),
(36, 'Logan', 'JULIOT', 'Logan.JULIOT@gmail.com', '389 rue de livre - 63000', '', '1955-01-18', '1978-01-01', 'BMW', '2e1d1e3fe8265865efbc8cbb4baaf4e8', ''),
(37, 'Émilie', 'EDEL', 'Émilie.EDEL@gmail.com', '260 rue de idée - 31000', '', '1950-10-18', '2011-01-01', 'PEUGEOT', 'faca904cdc5b46f82778f2ff92abcc87', ''),
(38, 'Clara', 'SCHAUB', 'Clara.SCHAUB@gmail.com', '211 rue de dent - 60000', '', '1989-12-08', '2011-01-01', 'AUDI', '0afca49306b28c1650a1d4130a6a0ce1', ''),
(39, 'Clara', 'BAUMEL', 'Clara.BAUMEL@gmail.com', '176 rue de guerre - 26000', '', '1966-03-02', '1996-01-01', 'PEUGEOT', '0afca49306b28c1650a1d4130a6a0ce1', ''),
(40, 'Anaïs', 'GLOAN', 'Anaïs.GLOAN@gmail.com', '328 rue de professeur - 22000', '', '1964-03-28', '1993-01-01', 'TESLA', '06ea023fb8a8e4f15e419077e9f52547', ''),
(41, 'Mia', 'BAUMEL', 'Mia.BAUMEL@gmail.com', '95 rue de cause - 21000', '', '1975-05-02', '2001-01-01', 'MINI', '46e6f8781dd60e2635430b61db511262', ''),
(42, 'Justin', 'LOUBERE', 'Justin.LOUBERE@gmail.com', '153 rue de chance - 50000', '', '1983-01-27', '2012-01-01', 'MINI', '06475174d922e7dcbb3ed34c0236dbdf', ''),
(43, 'Samuel', 'NEVO', 'Samuel.NEVO@gmail.com', '212 rue de fois - 83000', '', '1981-02-07', '2008-01-01', 'PEUGEOT', '3e6f7568aac84d6a7dfe1b3641698697', ''),
(44, 'Alicia', 'BERGOUGNOUX', 'Alicia.BERGOUGNOUX@gmail.com', '307 rue de maman - 64000', '', '1955-12-23', '1998-01-01', 'CITROEN', '55195b6de48e7e8dcd54f70cad56d8d3', ''),
(45, 'Félix', 'VISAGE', 'Félix.VISAGE@gmail.com', '248 rue de mère - 14000', '', '1993-05-20', '2011-01-01', 'BMW', 'a0b9489db03d8b24eea288e450de0b7d', ''),
(46, 'Coralie', 'FAYEL', 'Coralie.FAYEL@gmail.com', '59 rue de manière - 50000', '', '1968-03-03', '1989-01-01', 'OPEL', 'd72c67fa36117fd005882f1977efead6', ''),
(47, 'Coralie', 'MEGNIN', 'Coralie.MEGNIN@gmail.com', '280 rue de cour - 32000', '', '1954-06-28', '1977-01-01', 'BMW', 'd72c67fa36117fd005882f1977efead6', ''),
(48, 'Ève', 'DECAUDIN', 'Ève.DECAUDIN@gmail.com', '321 rue de livre - 67000', '', '1976-07-18', '1997-01-01', 'FORD', '65a550fec0447eee536ff647a2c32b49', ''),
(49, 'Benjamin', 'DUBERT', 'Benjamin.DUBERT@gmail.com', '359 rue de fleur - 63000', '', '1973-04-11', '2004-01-01', 'OPEL', '861a744bccc0da5432f097d5838e4b83', ''),
(50, 'Nicolas', 'FONTVIEILLE', 'Nicolas.FONTVIEILLE@gmail.com', '34 rue de maman - 18000', '', '1972-05-28', '2000-01-01', 'FORD', 'd9fd932e114c21309e61c08496bdc78e', ''),
(51, 'Justin', 'MURATET', 'Justin.MURATET@gmail.com', '135 rue de chance - 19000', '', '1954-03-06', '1998-01-01', 'OPEL', '06475174d922e7dcbb3ed34c0236dbdf', ''),
(52, 'Justin', 'GUENEL', 'Justin.GUENEL@gmail.com', '64 rue de chambre - 3000', '', '1980-01-12', '2006-01-01', 'AUDI', '06475174d922e7dcbb3ed34c0236dbdf', ''),
(53, 'Émilie', 'BOURDIEC', 'Émilie.BOURDIEC@gmail.com', '259 rue de histoire - 75000', '', '1962-12-10', '1989-01-01', 'FORD', 'faca904cdc5b46f82778f2ff92abcc87', ''),
(54, 'Justine', 'CACHAT', 'Justine.CACHAT@gmail.com', '260 rue de poche - 5000', '', '1982-10-11', '2001-01-01', 'CITROEN', 'b7f54569f82cc34fcdff75a314ccfd2e', ''),
(55, 'Justin', 'BECH', 'Justin.BECH@gmail.com', '329 rue de chance - 68000', '', '1964-10-07', '1992-01-01', 'BMW', '06475174d922e7dcbb3ed34c0236dbdf', ''),
(56, 'Mia', 'DECAUDIN', 'Mia.DECAUDIN@gmail.com', '205 rue de maman - 51000', '', '1982-03-14', '2002-01-01', 'CITROEN', '46e6f8781dd60e2635430b61db511262', ''),
(57, 'Alice', 'PELISSE', 'Alice.PELISSE@gmail.com', '41 rue de ligne - 43000', '', '1968-12-16', '2006-01-01', 'TESLA', '64489c85dc2fe0787b85cd87214b3810', ''),
(58, 'Thomas', 'DECAUDIN', 'Thomas.DECAUDIN@gmail.com', '117 rue de mère - 17000', '', '1957-09-13', '1980-01-01', 'FORD', '2042101ac1f6e7741bfe43f3672e6d7c', ''),
(59, 'Rosalie', 'LEGE', 'Rosalie.LEGE@gmail.com', '111 rue de dent - 85000', '', '1962-02-19', '1996-01-01', 'MINI', '764ba3abe3b9d236da9a5445a41edf45', ''),
(60, 'Elizabeth', 'TARTIERE', 'Elizabeth.TARTIERE@gmail.com', '379 rue de cause - 44000', '', '1989-05-28', '2008-01-01', 'TESLA', '1c2a5683ab5826555c175462eaa5e59a', ''),
(61, 'Elliot', 'HENNE', 'Elliot.HENNE@gmail.com', '54 rue de chambre - 94000', '', '1977-12-12', '2002-01-01', 'TESLA', 'a62171f63db8bd35e1a66290c6071f83', ''),
(62, 'Félix', 'GLEAU', 'Félix.GLEAU@gmail.com', '173 rue de heure - 18000', '', '1978-03-08', '2005-01-01', 'AUDI', 'a0b9489db03d8b24eea288e450de0b7d', ''),
(63, 'Chloé', 'EDEL', 'Chloé.EDEL@gmail.com', '177 rue de couleur - 2000', '', '1969-06-04', '1992-01-01', 'FORD', '97e0632804d70d23231d66d33e476852', ''),
(64, 'Louis', 'URGEL', 'Louis.URGEL@gmail.com', '391 rue de cause - 93000', '', '1990-08-17', '2009-01-01', 'OPEL', '67524210524b62ad06b8fc7c6dc7135e', ''),
(65, 'Léa', 'PAULO', 'Léa.PAULO@gmail.com', '161 rue de livre - 52000', '', '1984-12-03', '2004-01-01', 'BMW', 'af4bd59e569327a597a331747a8fc207', ''),
(66, 'Mathieu', 'DEGENEVE', 'Mathieu.DEGENEVE@gmail.com', '157 rue de école - 13000', '', '1952-10-23', '1997-01-01', 'BMW', '206299fa740a4327a61b67b6be5c8373', ''),
(67, 'David', 'DIEN', 'David.DIEN@gmail.com', '358 rue de fois - 22000', '', '1961-06-04', '2011-01-01', 'TESLA', '464e07afc9e46359fb480839150595c5', ''),
(68, 'Jacob', 'DUREPAIRE', 'Jacob.DUREPAIRE@gmail.com', '96 rue de enfant - 22000', '', '1972-05-26', '1998-01-01', 'AUDI', '9adb41f2a66506c7e816424b455ad5ff', ''),
(69, 'Léo', 'CREIL', 'Léo.CREIL@gmail.com', '15 rue de faute - 60000', '', '1967-12-14', '1988-01-01', 'TESLA', '7072acdc60784002bb180d9f511f5da3', ''),
(70, 'Logan', 'NOAILLY', 'Logan.NOAILLY@gmail.com', '218 rue de image - 69000', '', '1982-01-22', '2003-01-01', 'MINI', '2e1d1e3fe8265865efbc8cbb4baaf4e8', ''),
(71, 'Jonathan', 'DEGENEVE', 'Jonathan.DEGENEVE@gmail.com', '311 rue de ombre - 86000', '', '1977-09-21', '2011-01-01', 'BMW', 'c1f80eddea77f14650a2062dda3eb15c', ''),
(72, 'Léo', 'MOCH', 'Léo.MOCH@gmail.com', '79 rue de enfant - 80000', '', '1987-04-20', '2010-01-01', 'OPEL', '7072acdc60784002bb180d9f511f5da3', ''),
(73, 'Jérémy', 'BEDEAU', 'Jérémy.BEDEAU@gmail.com', '166 rue de chose - 41000', '', '1985-04-26', '2005-01-01', 'FORD', 'bc57be6053bd16805ed744e312755d55', ''),
(74, 'Emma', 'CHEVRE', 'Emma.CHEVRE@gmail.com', '383 rue de bouche - 80000', '', '1987-08-02', '2010-01-01', 'CITROEN', '4535367f2f39b5a2ebaee0092f184a79', ''),
(75, 'Jacob', 'MOCH', 'Jacob.MOCH@gmail.com', '365 rue de équipe - 26000', '', '1969-11-02', '2006-01-01', 'CITROEN', '9adb41f2a66506c7e816424b455ad5ff', ''),
(76, 'Hugo', 'GLEAU', 'Hugo.GLEAU@gmail.com', '103 rue de école - 53000', '', '1991-04-18', '2009-01-01', 'CITROEN', '1b3840b0b70d91c17e70014c8537dbba', ''),
(77, 'Ludovic', 'DUREPAIRE', 'Ludovic.DUREPAIRE@gmail.com', '201 rue de gueule - 84000', '', '1971-05-15', '2000-01-01', 'AUDI', '95b4f835054c86d1e932c7d24fddbf8c', ''),
(78, 'Mélodie', 'BANCILHON', 'Mélodie.BANCILHON@gmail.com', '155 rue de nuit - 55000', '', '1956-01-24', '1989-01-01', 'AUDI', '0adf3f76665dd7cb84784605eae526c5', ''),
(79, 'Anthony', 'FAYEL', 'Anthony.FAYEL@gmail.com', '56 rue de boîte - 67000', '', '1969-02-17', '1996-01-01', 'TESLA', '20f1aeb7819d7858684c898d1e98c1bb', ''),
(80, 'Anthony', 'MACHEFERT', 'Anthony.MACHEFERT@gmail.com', '105 rue de merci - 23000', '', '1974-09-01', '2002-01-01', 'PEUGEOT', '20f1aeb7819d7858684c898d1e98c1bb', ''),
(81, 'Noah', 'MEGNIN', 'Noah.MEGNIN@gmail.com', '207 rue de voix - 71000', '', '1988-08-23', '2009-01-01', 'AUDI', 'cfa36b7c75e18a9dc6e2a35d19a58ee7', ''),
(82, 'Annabelle', 'HODE', 'Annabelle.HODE@gmail.com', '383 rue de dame - 37000', '', '1963-07-11', '2004-01-01', 'TESLA', '9286ee9b2527f5ba760fd47f25bf9d86', ''),
(83, 'Maude', 'VALIER', 'Maude.VALIER@gmail.com', '17 rue de langue - 1000', '', '1971-01-05', '1991-01-01', 'OPEL', '21ab58f974a9ff9ce570e7c693c31f05', ''),
(84, 'Logan', 'JANNY', 'Logan.JANNY@gmail.com', '223 rue de histoire - 52000', '', '1990-11-26', '2012-01-01', 'OPEL', '2e1d1e3fe8265865efbc8cbb4baaf4e8', ''),
(85, 'Delphine', 'IZARN', 'Delphine.IZARN@gmail.com', '178 rue de habitude - 79000', '', '1978-11-24', '1996-01-01', 'AUDI', 'ef63f8c1c585b76358db9f9b41ddf6ff', ''),
(86, 'Chloé', 'IZARN', 'Chloé.IZARN@gmail.com', '340 rue de confiance - 4000', '', '1965-05-04', '2006-01-01', 'PEUGEOT', '97e0632804d70d23231d66d33e476852', ''),
(87, 'Anthony', 'FOURNEYRON', 'Anthony.FOURNEYRON@gmail.com', '211 rue de attention - 40000', '', '1983-08-08', '2005-01-01', 'OPEL', '20f1aeb7819d7858684c898d1e98c1bb', ''),
(88, 'Maya', 'DUBERT', 'Maya.DUBERT@gmail.com', '264 rue de faute - 91000', '', '1956-11-13', '2005-01-01', 'CITROEN', '719fe28004fcdd81a820602924aa8074', ''),
(89, 'Anaïs', 'LEGE', 'Anaïs.LEGE@gmail.com', '342 rue de histoire - 86000', '', '1971-11-03', '1994-01-01', 'AUDI', '06ea023fb8a8e4f15e419077e9f52547', ''),
(90, 'Justine', 'CROUE', 'Justine.CROUE@gmail.com', '83 rue de lettre - 31000', '', '1989-03-19', '2010-01-01', 'OPEL', 'b7f54569f82cc34fcdff75a314ccfd2e', ''),
(91, 'Elizabeth', 'NOUVION', 'Elizabeth.NOUVION@gmail.com', '22 rue de odeur - 80000', '', '1991-10-09', '2010-01-01', 'TESLA', '1c2a5683ab5826555c175462eaa5e59a', ''),
(92, 'Logan', 'LARGILLIERE', 'Logan.LARGILLIERE@gmail.com', '49 rue de dent - 4000', '', '1991-11-27', '2009-01-01', 'MINI', '2e1d1e3fe8265865efbc8cbb4baaf4e8', ''),
(93, 'Léanne', 'BIEN', 'Léanne.BIEN@gmail.com', '26 rue de poche - 95000', '', '1988-10-06', '2006-01-01', 'FORD', '69f546924340912eb981843d009aa429', ''),
(94, 'Loïc', 'GROBON', 'Loïc.GROBON@gmail.com', '164 rue de maman - 38000', '', '1985-09-25', '2005-01-01', 'CITROEN', 'a08f9a88c5b6ccb98780b6dfcca1b73f', ''),
(95, 'Tristan', 'GLOAN', 'Tristan.GLOAN@gmail.com', '363 rue de faute - 23000', '', '1970-11-27', '1995-01-01', 'TESLA', 'ab76c54cd22d18630bcb8c4db80d4891', ''),
(96, 'Jonathan', 'BEAUCOUSIN', 'Jonathan.BEAUCOUSIN@gmail.com', '105 rue de image - 92000', '', '1955-05-21', '1979-01-01', 'MINI', 'c1f80eddea77f14650a2062dda3eb15c', ''),
(97, 'David', 'BANCILHON', 'David.BANCILHON@gmail.com', '70 rue de marche - 80000', '', '1992-06-01', '2012-01-01', 'TESLA', '464e07afc9e46359fb480839150595c5', ''),
(98, 'Antoine', 'TALHOUET', 'Antoine.TALHOUET@gmail.com', '127 rue de manière - 83000', '', '1974-11-24', '1999-01-01', 'TESLA', 'ea71829d9d7a2be76b5c583749a81a9d', ''),
(99, 'Malik', 'JULIOT', 'Malik.JULIOT@gmail.com', '246 rue de erreur - 33000', '', '1972-06-16', '2004-01-01', 'MINI', '5ac09104603448a6f905bd494b6d549b', ''),
(100, 'Rosalie', 'LOUBERE', 'Rosalie.LOUBERE@gmail.com', '303 rue de école - 92000', '', '1970-06-20', '2003-01-01', 'OPEL', '764ba3abe3b9d236da9a5445a41edf45', ''),
(101, 'Maxime', 'JU', 'Maxime.JU@gmail.com', '168 rue de tour - 5000', '', '1983-10-15', '2007-01-01', 'FORD', '29fa6fea3fb6a0b220cafa56634e860c', ''),
(102, 'Anthony', 'ORBAN', 'Anthony.ORBAN@gmail.com', '108 rue de livre - 70000', '', '1955-08-25', '1983-01-01', 'MINI', '20f1aeb7819d7858684c898d1e98c1bb', ''),
(103, 'Étienne', 'DIEN', 'Étienne.DIEN@gmail.com', '209 rue de image - 40000', '', '1961-09-06', '1992-01-01', 'FORD', 'a4911be95677ba0d4465123fdc1a94e1', ''),
(104, 'Rose', 'IZARN', 'Rose.IZARN@gmail.com', '249 rue de professeur - 39000', '', '1971-05-15', '1997-01-01', 'PEUGEOT', '0df4dccc4aac3f6f36e00ef2a6a4bfac', ''),
(105, 'Juliette', 'MOCH', 'Juliette.MOCH@gmail.com', '264 rue de gauche - 50000', '', '1994-06-11', '2012-01-01', 'MINI', 'a282b74adb7726c007dde900e0b2e9e9', ''),
(106, 'Émilie', 'TALHOUET', 'Émilie.TALHOUET@gmail.com', '393 rue de confiance - 93000', '', '1957-07-01', '2004-01-01', 'PEUGEOT', 'faca904cdc5b46f82778f2ff92abcc87', ''),
(107, 'Mégan', 'RUAS', 'Mégan.RUAS@gmail.com', '127 rue de voix - 21000', '', '1963-07-22', '1986-01-01', 'MINI', '2186c6e5bcdc2bc7173fc35c91233c86', ''),
(108, 'Olivier', 'COUPEZ', 'Olivier.COUPEZ@gmail.com', '56 rue de habitude - 4000', '', '1966-11-07', '2009-01-01', 'TESLA', '585ca462bdb75a06f5e707881557c804', ''),
(109, 'Raphaël', 'NOAILLY', 'Raphaël.NOAILLY@gmail.com', '268 rue de tour - 50000', '', '1986-07-02', '2012-01-01', 'TESLA', '28ce382d14f1307b2eff2f1f3f720d3e', ''),
(110, 'Maude', 'WAMBRE', 'Maude.WAMBRE@gmail.com', '325 rue de droite - 63000', '', '1993-03-07', '2012-01-01', 'FORD', '21ab58f974a9ff9ce570e7c693c31f05', ''),
(111, 'Isaac', 'CHOPINEAU', 'Isaac.CHOPINEAU@gmail.com', '367 rue de jambe - 94000', '', '1989-10-09', '2008-01-01', 'OPEL', 'ba092f0aca4ee5d510274c706a8f336a', ''),
(112, 'Océane', 'ORBAN', 'Océane.ORBAN@gmail.com', '263 rue de heure - 22000', '', '1968-07-13', '2010-01-01', 'PEUGEOT', 'ab989a147088cbf2ca1a32ec140bf90b', ''),
(113, 'Maéva', 'BEAUCOUSIN', 'Maéva.BEAUCOUSIN@gmail.com', '41 rue de chef - 28000', '', '1980-06-07', '2006-01-01', 'CITROEN', 'a9849c7d9b78e93eef28974b61a99db4', ''),
(114, 'Camille', 'IZARN', 'Camille.IZARN@gmail.com', '53 rue de époque - 82000', '', '1953-09-18', '1979-01-01', 'OPEL', 'e2cf99ca82a7e829d2a4ac85c48154d0', ''),
(115, 'Léo', 'NEVO', 'Léo.NEVO@gmail.com', '394 rue de merci - 83000', '', '1969-12-06', '1993-01-01', 'AUDI', '7072acdc60784002bb180d9f511f5da3', ''),
(116, 'Maude', 'CUCHERAT', 'Maude.CUCHERAT@gmail.com', '220 rue de époque - 92000', '', '1963-03-06', '1988-01-01', 'BMW', '21ab58f974a9ff9ce570e7c693c31f05', ''),
(117, 'Maéva', 'CHEVRE', 'Maéva.CHEVRE@gmail.com', '216 rue de aide - 91000', '', '1974-12-13', '1998-01-01', 'OPEL', 'a9849c7d9b78e93eef28974b61a99db4', ''),
(118, 'Adam', 'ALET', 'Adam.ALET@gmail.com', '1 rue de minute - 55000', '', '1974-09-28', '1997-01-01', 'BMW', '7efd721c8bfff2937c66235f2d0dbac1', ''),
(119, 'Élodie', 'EDEL', 'Élodie.EDEL@gmail.com', '259 rue de maman - 13000', '', '1963-02-09', '1990-01-01', 'MINI', 'f3fbc8d70b392867a55cbf150987e8e4', ''),
(120, 'Alexis', 'MARQUIE', 'Alexis.MARQUIE@gmail.com', '120 rue de part - 76000', '', '1965-06-03', '2010-01-01', 'AUDI', '79162b02a4adef009a7d8214aaaafec5', ''),
(121, 'Mégan', 'GLEAU', 'Mégan.GLEAU@gmail.com', '324 rue de impression - 3000', '', '1958-03-14', '1992-01-01', 'PEUGEOT', '2186c6e5bcdc2bc7173fc35c91233c86', ''),
(122, 'Jacob', 'LOUBERE', 'Jacob.LOUBERE@gmail.com', '90 rue de fenêtre - 53000', '', '1969-11-12', '2007-01-01', 'CITROEN', '9adb41f2a66506c7e816424b455ad5ff', ''),
(123, 'Juliette', 'PELISSE', 'Juliette.PELISSE@gmail.com', '7 rue de carte - 71000', '', '1967-05-08', '2004-01-01', 'BMW', 'a282b74adb7726c007dde900e0b2e9e9', ''),
(124, 'Léa', 'IZARN', 'Léa.IZARN@gmail.com', '98 rue de histoire - 24000', '', '1980-08-07', '2005-01-01', 'FORD', 'af4bd59e569327a597a331747a8fc207', ''),
(125, 'Chloé', 'GLEAU', 'Chloé.GLEAU@gmail.com', '362 rue de fille - 19000', '', '1975-04-11', '2004-01-01', 'CITROEN', '97e0632804d70d23231d66d33e476852', ''),
(126, 'Mélodie', 'PEYRAS', 'Mélodie.PEYRAS@gmail.com', '155 rue de merde - 56000', '', '1989-09-12', '2012-01-01', 'BMW', '0adf3f76665dd7cb84784605eae526c5', ''),
(127, 'Alexia', 'VISAGE', 'Alexia.VISAGE@gmail.com', '230 rue de école - 44000', '', '1952-04-25', '1974-01-01', 'CITROEN', '42dbac47a4a74633195ad10e807f80d0', ''),
(128, 'Nicolas', 'PELISSE', 'Nicolas.PELISSE@gmail.com', '253 rue de voix - 47000', '', '1959-04-09', '1992-01-01', 'TESLA', 'd9fd932e114c21309e61c08496bdc78e', ''),
(129, 'Catherine', 'BOTTEX', 'Catherine.BOTTEX@gmail.com', '26 rue de main - 41000', '', '1968-05-21', '2001-01-01', 'BMW', 'f5c3ac4cbf092a063786243913a4c139', ''),
(130, 'Laurie', 'COUPEZ', 'Laurie.COUPEZ@gmail.com', '88 rue de maison - 11000', '', '1992-04-02', '2011-01-01', 'CITROEN', 'a5673048ee269443c707bf73f0634ca7', ''),
(131, 'Rosalie', 'TARTIERE', 'Rosalie.TARTIERE@gmail.com', '127 rue de couleur - 49000', '', '1992-07-15', '2012-01-01', 'AUDI', '764ba3abe3b9d236da9a5445a41edf45', ''),
(132, 'Alex', 'NOULENS', 'Alex.NOULENS@gmail.com', '105 rue de classe - 4000', '', '1962-04-19', '2008-01-01', 'AUDI', 'a08372b70196c21a9229cf04db6b7ceb', ''),
(133, 'Alice', 'LEGE', 'Alice.LEGE@gmail.com', '121 rue de merci - 16000', '', '1992-06-08', '2012-01-01', 'PEUGEOT', '64489c85dc2fe0787b85cd87214b3810', ''),
(134, 'Léo', 'PAULO', 'Léo.PAULO@gmail.com', '370 rue de face - 62000', '', '1956-12-26', '2002-01-01', 'CITROEN', '7072acdc60784002bb180d9f511f5da3', ''),
(135, 'Justin', 'LEGOFF', 'legoff.justin@gmail.com', '14 rue de Strasbourg', '6', '1993-02-20', '2010-05-30', 'Clio II', 'f71dbe52628a3f83a77ab494817525c6', 'MTg1Yzc1MDIzZjEwOThiNjFhNWE2YzdjZmMzNzg2ZjcyOTI5NGVmNw==');

-- --------------------------------------------------------

--
-- Structure de la table `trajet`
--

CREATE TABLE IF NOT EXISTS `trajet` (
  `id_trajet` int(11) NOT NULL AUTO_INCREMENT,
  `id_conducter` int(11) NOT NULL,
  `id_match` int(11) NOT NULL,
  `nb_place` int(11) NOT NULL,
  `prix` float NOT NULL,
  `stade` int(11) NOT NULL,
  `date` date NOT NULL,
  PRIMARY KEY (`id_trajet`),
  KEY `fk_conducteur` (`id_conducter`),
  KEY `fk_matches` (`id_match`)
) ENGINE=InnoDB  DEFAULT CHARSET=latin1 AUTO_INCREMENT=1 ;

--
-- Contenu de la table `trajet`
--

INSERT INTO `trajet` (`id_trajet`, `id_conducter`, `id_match`, `nb_place`, `prix`, `stade`, `date`) VALUES
(1, 133, 24, 3, 26.87, 0, '2015-12-13'),
(2, 131, 3, 4, 25.91, 0, '2015-12-06'),
(3, 122, 2, 4, 17.4, 0, '2015-07-12'),
(4, 104, 7, 2, 20.35, 0, '2015-08-02'),
(5, 103, 47, 3, 17.7, 0, '2015-11-04'),
(6, 9, 26, 3, 17.51, 0, '2015-06-12'),
(7, 30, 33, 1, 11.11, 0, '2015-09-28'),
(8, 56, 40, 3, 13.72, 0, '2015-03-09'),
(9, 130, 32, 2, 6.24, 0, '2015-08-09'),
(10, 116, 21, 2, 18.76, 0, '2015-05-08'),
(11, 41, 6, 4, 29.91, 0, '2015-10-15'),
(12, 6, 3, 1, 21.67, 0, '2015-09-19'),
(13, 131, 21, 3, 25.38, 0, '2015-06-04'),
(14, 49, 14, 1, 12.05, 0, '2015-04-27'),
(15, 66, 46, 4, 21.24, 0, '2015-07-14'),
(16, 107, 19, 4, 19.27, 0, '2015-04-18'),
(17, 89, 47, 1, 11.38, 0, '2015-09-21'),
(18, 80, 36, 2, 10.77, 0, '2015-03-27'),
(19, 80, 41, 4, 21.26, 0, '2015-03-23'),
(20, 102, 36, 1, 11.5, 0, '2015-10-03'),
(21, 90, 47, 4, 27.11, 0, '2015-08-03'),
(22, 71, 12, 4, 19.91, 0, '2015-02-20'),
(23, 107, 38, 1, 6.96, 0, '2015-06-10'),
(24, 45, 14, 1, 15.64, 0, '2015-08-05'),
(25, 122, 38, 2, 11.82, 0, '2015-12-10'),
(26, 83, 20, 3, 5.97, 0, '2015-01-02'),
(27, 65, 8, 2, 8.83, 0, '2015-09-26'),
(28, 1, 6, 1, 27.97, 0, '2015-10-23'),
(29, 15, 12, 2, 27.6, 0, '2015-05-03'),
(30, 74, 3, 1, 12.93, 0, '2015-09-24'),
(31, 119, 29, 4, 19.65, 0, '2015-07-14'),
(32, 118, 31, 1, 28.33, 0, '2015-04-01'),
(33, 121, 2, 3, 7.14, 0, '2015-09-14'),
(34, 50, 43, 2, 27.49, 0, '2015-07-19'),
(35, 45, 36, 2, 8.69, 0, '2015-09-04'),
(36, 133, 28, 1, 26.05, 0, '2015-12-26'),
(37, 101, 48, 3, 7.12, 0, '2015-03-21'),
(38, 50, 43, 1, 7.69, 0, '2015-12-22'),
(39, 93, 17, 2, 23.79, 0, '2015-06-11'),
(40, 91, 15, 3, 27.63, 0, '2015-01-21'),
(41, 117, 12, 1, 15.01, 0, '2015-08-12'),
(42, 50, 36, 3, 18.49, 0, '2015-02-28'),
(43, 28, 14, 4, 17.57, 0, '2015-09-01'),
(44, 89, 2, 2, 16.5, 0, '2015-08-27'),
(45, 64, 19, 1, 16.46, 0, '2015-04-25'),
(46, 67, 41, 4, 29.03, 0, '2015-12-04'),
(47, 28, 49, 4, 30.49, 0, '2015-07-24'),
(48, 80, 31, 1, 13.1, 0, '2015-12-01'),
(49, 53, 8, 4, 26.42, 0, '2015-12-03'),
(50, 15, 5, 3, 30.28, 0, '2015-08-02'),
(51, 106, 5, 2, 8.4, 0, '2015-12-12'),
(52, 123, 1, 4, 17.95, 0, '2015-05-20'),
(53, 23, 12, 1, 13.74, 0, '2015-04-03'),
(54, 66, 21, 3, 13.3, 0, '2015-02-23'),
(55, 33, 13, 2, 24.68, 0, '2015-07-23'),
(56, 134, 5, 4, 26.75, 0, '2015-07-15'),
(57, 34, 30, 3, 14.76, 0, '2015-04-15'),
(58, 82, 29, 2, 23.02, 0, '2015-07-11'),
(59, 127, 30, 4, 16.28, 0, '2015-08-12'),
(60, 14, 13, 2, 5.92, 0, '2015-04-08'),
(61, 72, 33, 2, 7.75, 0, '2015-10-28'),
(62, 67, 38, 2, 11.69, 0, '2015-02-20'),
(63, 5, 42, 1, 24.3, 0, '2015-11-02'),
(64, 6, 10, 3, 7.64, 0, '2015-10-02'),
(65, 116, 19, 2, 22.81, 0, '2015-01-07'),
(66, 110, 1, 1, 18.23, 0, '2015-02-27'),
(67, 97, 12, 3, 8.89, 0, '2015-05-04'),
(68, 83, 48, 4, 10.2, 0, '2015-07-28'),
(69, 64, 4, 1, 15.38, 0, '2015-10-10'),
(70, 6, 33, 2, 27.15, 0, '2015-12-08'),
(71, 9, 27, 4, 9.28, 0, '2015-04-04'),
(72, 42, 49, 2, 6.2, 0, '2015-06-28'),
(73, 27, 1, 3, 28.14, 0, '2015-03-02'),
(74, 40, 28, 2, 18.69, 0, '2015-02-05'),
(75, 11, 36, 3, 16.74, 0, '2015-04-28'),
(76, 55, 31, 2, 10.48, 0, '2015-11-09'),
(77, 110, 13, 2, 19.04, 0, '2015-09-21'),
(78, 34, 14, 1, 7.88, 0, '2015-12-01'),
(79, 124, 22, 1, 24.8, 0, '2015-06-16'),
(80, 61, 18, 4, 14.36, 0, '2015-08-12'),
(81, 133, 21, 4, 6.05, 0, '2015-10-03'),
(82, 33, 45, 3, 16.85, 0, '2015-10-21'),
(83, 22, 28, 4, 21.84, 0, '2015-01-10'),
(84, 103, 26, 3, 12.36, 0, '2015-09-28'),
(85, 12, 7, 4, 20.93, 0, '2015-09-23'),
(86, 32, 38, 2, 23.28, 0, '2015-01-05'),
(87, 121, 22, 4, 23.32, 0, '2015-12-26'),
(88, 64, 15, 1, 14.07, 0, '2015-09-04'),
(89, 99, 25, 3, 8.97, 0, '2015-06-15'),
(90, 55, 40, 4, 25, 0, '2015-03-28'),
(91, 36, 31, 2, 30.05, 0, '2015-03-25'),
(92, 22, 12, 4, 8.79, 0, '2015-02-19'),
(93, 126, 45, 3, 26.69, 0, '2015-05-02'),
(94, 130, 7, 2, 16.84, 0, '2015-08-27'),
(95, 18, 35, 1, 29.36, 0, '2015-06-22'),
(96, 127, 11, 1, 20.98, 0, '2015-06-17'),
(97, 69, 22, 2, 5.32, 0, '2015-02-23'),
(98, 59, 5, 3, 27.85, 0, '2015-09-14'),
(99, 5, 3, 3, 13, 0, '2015-08-26'),
(100, 72, 3, 2, 22.47, 0, '2015-11-05'),
(101, 124, 39, 2, 21.01, 0, '2015-06-15'),
(102, 114, 34, 1, 18.94, 0, '2015-02-18'),
(103, 65, 21, 2, 9.58, 0, '2015-03-18'),
(104, 18, 1, 1, 9.29, 0, '2015-12-22'),
(105, 81, 49, 2, 7.49, 0, '2015-08-10'),
(106, 89, 3, 4, 30.92, 0, '2015-08-08'),
(107, 45, 15, 2, 25.57, 0, '2015-04-28'),
(108, 124, 39, 2, 9.89, 0, '2015-03-10'),
(109, 18, 40, 2, 7.27, 0, '2015-10-17'),
(110, 107, 28, 1, 26.46, 0, '2015-07-22'),
(111, 37, 14, 3, 12.76, 0, '2015-05-22'),
(112, 28, 8, 4, 14.82, 0, '2015-03-04'),
(113, 65, 6, 2, 16.56, 0, '2015-06-01'),
(114, 128, 12, 1, 15.59, 0, '2015-06-23'),
(115, 91, 10, 3, 6.82, 0, '2015-10-16'),
(116, 18, 13, 1, 23.7, 0, '2015-01-11'),
(117, 17, 4, 4, 17.07, 0, '2015-06-25'),
(118, 115, 45, 2, 24.86, 0, '2015-04-08'),
(119, 61, 24, 2, 7.64, 0, '2015-06-15'),
(120, 20, 32, 2, 13.51, 0, '2015-04-12'),
(121, 116, 26, 3, 9.59, 0, '2015-06-20'),
(122, 133, 7, 1, 16.12, 0, '2015-09-27'),
(123, 64, 15, 2, 5.51, 0, '2015-08-08'),
(124, 49, 14, 4, 11.17, 0, '2015-01-19'),
(125, 112, 32, 4, 23.86, 0, '2015-02-03'),
(126, 107, 10, 1, 25.36, 0, '2015-06-20'),
(127, 92, 37, 1, 28.96, 0, '2015-11-18'),
(128, 115, 1, 3, 27.69, 0, '2015-01-26'),
(129, 95, 13, 1, 23.69, 0, '2015-11-08'),
(130, 98, 20, 1, 29.3, 0, '2015-04-22'),
(131, 42, 5, 4, 10, 0, '2015-03-01'),
(132, 101, 15, 4, 12.78, 0, '2015-02-20'),
(133, 134, 49, 2, 14.79, 0, '2015-08-23'),
(134, 127, 3, 4, 30.51, 0, '2015-09-22'),
(135, 80, 39, 2, 6.01, 0, '2015-09-12'),
(136, 88, 37, 3, 13.84, 0, '2015-03-17'),
(137, 124, 39, 2, 10.04, 0, '2015-09-18'),
(138, 86, 16, 2, 17.59, 0, '2015-10-16'),
(139, 25, 1, 3, 21.25, 0, '2015-06-02'),
(140, 54, 13, 2, 21.37, 0, '2015-05-24'),
(141, 24, 26, 2, 20.71, 0, '2015-06-11'),
(142, 98, 10, 1, 29.34, 0, '2015-11-11'),
(143, 115, 47, 3, 19.87, 0, '2015-06-09'),
(144, 123, 38, 1, 6.46, 0, '2015-02-12'),
(145, 30, 44, 2, 28.64, 0, '2015-07-06'),
(146, 99, 16, 2, 15.43, 0, '2015-08-18'),
(147, 15, 41, 3, 18.11, 0, '2015-11-23'),
(148, 110, 21, 2, 12.79, 0, '2015-10-15'),
(149, 34, 14, 4, 6.76, 0, '2015-07-08'),
(150, 28, 14, 3, 8.9, 0, '2015-01-26'),
(151, 132, 14, 2, 19.52, 0, '2015-10-10'),
(152, 84, 24, 1, 22.14, 0, '2015-05-20'),
(153, 88, 13, 1, 12.75, 0, '2015-04-20'),
(154, 130, 49, 3, 25.14, 0, '2015-01-26'),
(155, 35, 9, 3, 28.32, 0, '2015-11-01'),
(156, 81, 7, 4, 20.9, 0, '2015-09-21'),
(157, 41, 44, 2, 18.15, 0, '2015-12-28'),
(158, 44, 30, 3, 19.84, 0, '2015-09-17'),
(159, 36, 24, 1, 12.69, 0, '2015-02-09'),
(160, 66, 21, 1, 11.02, 0, '2015-09-18'),
(161, 59, 3, 4, 26.67, 0, '2015-09-09'),
(162, 32, 47, 2, 16.87, 0, '2015-10-08'),
(163, 62, 8, 1, 23.34, 0, '2015-05-10'),
(164, 119, 15, 1, 12.22, 0, '2015-05-16'),
(165, 51, 6, 1, 17.48, 0, '2015-01-11'),
(166, 66, 48, 2, 21.02, 0, '2015-11-22'),
(167, 119, 44, 3, 29.68, 0, '2015-02-06'),
(168, 24, 28, 2, 23.92, 0, '2015-08-13'),
(169, 105, 3, 4, 6.13, 0, '2015-12-27'),
(170, 12, 28, 2, 8.49, 0, '2015-10-27'),
(171, 56, 48, 3, 14.2, 0, '2015-08-03'),
(172, 129, 49, 1, 19.98, 0, '2015-12-11'),
(173, 10, 7, 2, 13.17, 0, '2015-04-04'),
(174, 132, 42, 2, 11.85, 0, '2015-12-03'),
(175, 4, 48, 1, 8.93, 0, '2015-09-11'),
(176, 40, 26, 2, 19.2, 0, '2015-11-01'),
(177, 53, 45, 1, 23.59, 0, '2015-05-03'),
(178, 35, 28, 4, 26.32, 0, '2015-01-14'),
(179, 42, 10, 3, 27.86, 0, '2015-05-19'),
(180, 108, 36, 2, 26.62, 0, '2015-11-25'),
(181, 13, 35, 4, 5.05, 0, '2015-11-03'),
(182, 83, 24, 1, 18.91, 0, '2015-07-16'),
(183, 85, 35, 4, 6.46, 0, '2015-03-16'),
(184, 130, 24, 3, 21.07, 0, '2015-04-11'),
(185, 119, 16, 3, 13.15, 0, '2015-04-01'),
(186, 93, 17, 3, 27.54, 0, '2015-01-16'),
(187, 6, 2, 3, 25.25, 0, '2015-03-23'),
(188, 27, 4, 2, 30.55, 0, '2015-01-25'),
(189, 26, 5, 2, 15.29, 0, '2015-04-13'),
(190, 115, 27, 4, 18.16, 0, '2015-08-20'),
(191, 3, 1, 1, 16.75, 0, '2015-09-28'),
(192, 14, 11, 1, 28.94, 0, '2015-11-21'),
(193, 134, 28, 3, 22.69, 0, '2015-04-28'),
(194, 24, 20, 1, 24.78, 0, '2015-01-28'),
(195, 24, 25, 2, 29.55, 0, '2015-09-19'),
(196, 34, 34, 3, 15.8, 0, '2015-11-10'),
(197, 134, 5, 4, 13.71, 0, '2015-08-01'),
(198, 80, 29, 4, 25.23, 0, '2015-02-16'),
(199, 128, 24, 2, 17.19, 0, '2015-03-22'),
(200, 100, 7, 2, 29.79, 0, '2015-03-10'),
(201, 132, 47, 3, 14.64, 0, '2015-10-26'),
(202, 41, 46, 4, 29.38, 0, '2015-03-01'),
(203, 88, 20, 2, 21.79, 0, '2015-03-22'),
(204, 133, 34, 4, 24.34, 0, '2015-09-02'),
(205, 36, 5, 2, 15.45, 0, '2015-01-12'),
(206, 8, 25, 2, 21.24, 0, '2015-06-24'),
(207, 4, 25, 2, 9.01, 0, '2015-09-04'),
(208, 120, 49, 2, 6.22, 0, '2015-01-24'),
(209, 5, 1, 2, 19.92, 0, '2015-01-27'),
(210, 28, 31, 3, 30.73, 0, '2015-06-20'),
(211, 6, 12, 4, 28.81, 0, '2015-01-04'),
(212, 86, 48, 1, 16.67, 0, '2015-07-23'),
(213, 108, 43, 2, 22.52, 0, '2015-10-17'),
(214, 2, 41, 1, 18.48, 0, '2015-02-09'),
(215, 123, 7, 2, 25.67, 0, '2015-02-16'),
(216, 118, 47, 1, 17.93, 0, '2015-09-21'),
(217, 84, 23, 1, 10.27, 0, '2015-04-18'),
(218, 103, 48, 4, 25.52, 0, '2015-11-20'),
(219, 90, 20, 4, 9.11, 0, '2015-02-28'),
(220, 122, 21, 4, 21.51, 0, '2015-09-05'),
(221, 115, 49, 4, 11.08, 0, '2015-11-24'),
(222, 41, 31, 4, 29.89, 0, '2015-10-15'),
(223, 4, 11, 4, 10.1, 0, '2015-05-28'),
(224, 89, 49, 1, 22.75, 0, '2015-02-16'),
(225, 40, 38, 1, 9.85, 0, '2015-07-06'),
(226, 73, 7, 4, 26.09, 0, '2015-06-15'),
(227, 119, 49, 1, 17.97, 0, '2015-08-14'),
(228, 91, 5, 3, 26.24, 0, '2015-09-13'),
(229, 53, 6, 4, 14.67, 0, '2015-09-02'),
(230, 87, 44, 3, 27.57, 0, '2015-09-26'),
(231, 8, 34, 3, 27.01, 0, '2015-05-03'),
(232, 86, 49, 1, 8.32, 0, '2015-10-02'),
(233, 36, 25, 3, 18.6, 0, '2015-08-19'),
(234, 130, 11, 2, 11.21, 0, '2015-08-14'),
(235, 36, 46, 2, 17.69, 0, '2015-01-28'),
(236, 17, 18, 1, 23.14, 0, '2015-03-05'),
(237, 126, 8, 4, 19.58, 0, '2015-02-26'),
(238, 94, 1, 3, 17.83, 0, '2015-12-03'),
(239, 132, 9, 1, 12.98, 0, '2015-06-16'),
(240, 47, 35, 4, 15.12, 0, '2015-05-24'),
(241, 133, 2, 3, 23, 0, '2015-07-16'),
(242, 20, 5, 2, 29.78, 0, '2015-10-09'),
(243, 1, 39, 3, 20.03, 0, '2015-03-03'),
(244, 77, 38, 1, 22.4, 0, '2015-01-06'),
(245, 21, 12, 2, 27.25, 0, '2015-12-13'),
(246, 79, 47, 3, 16.14, 0, '2015-09-17'),
(247, 40, 10, 2, 15.16, 0, '2015-05-27'),
(248, 2, 26, 1, 10.14, 0, '2015-04-26'),
(249, 42, 34, 1, 10.18, 0, '2015-01-22'),
(250, 98, 17, 4, 26.62, 0, '2015-08-19'),
(251, 54, 14, 2, 14.73, 0, '2015-09-09'),
(252, 102, 48, 2, 26.84, 0, '2015-01-27'),
(253, 19, 47, 3, 24.53, 0, '2015-08-05'),
(254, 28, 12, 4, 25.85, 0, '2015-08-15'),
(255, 131, 43, 2, 29.05, 0, '2015-09-08'),
(256, 69, 17, 3, 5.37, 0, '2015-10-17'),
(257, 82, 41, 3, 10.34, 0, '2015-06-18'),
(258, 34, 35, 2, 22.63, 0, '2015-07-05'),
(259, 77, 8, 3, 28.51, 0, '2015-10-24'),
(260, 79, 12, 4, 17.76, 0, '2015-07-22'),
(261, 113, 13, 2, 11.89, 0, '2015-02-07'),
(262, 87, 37, 1, 15.02, 0, '2015-12-19'),
(263, 90, 46, 3, 19.45, 0, '2015-01-03'),
(264, 29, 38, 4, 16.71, 0, '2015-05-09'),
(265, 30, 22, 1, 7.18, 0, '2015-05-17'),
(266, 117, 16, 2, 21.84, 0, '2015-10-21'),
(267, 52, 44, 3, 15.3, 0, '2015-11-22'),
(268, 83, 24, 4, 27.03, 0, '2015-04-24'),
(269, 10, 6, 2, 13.59, 0, '2015-05-21'),
(270, 82, 28, 4, 29.1, 0, '2015-08-15'),
(271, 94, 43, 2, 15.33, 0, '2015-04-20'),
(272, 93, 4, 2, 28, 0, '2015-02-19'),
(273, 6, 45, 4, 20.28, 0, '2015-02-24'),
(274, 120, 15, 3, 16.64, 0, '2015-10-26'),
(275, 101, 33, 3, 19.06, 0, '2015-08-17'),
(276, 15, 2, 2, 7.32, 0, '2015-01-12'),
(277, 101, 21, 2, 13.14, 0, '2015-07-06'),
(278, 91, 13, 3, 6.25, 0, '2015-05-16'),
(279, 118, 29, 4, 5.4, 0, '2015-11-27'),
(280, 93, 25, 2, 26.06, 0, '2015-06-03'),
(281, 100, 44, 1, 28.59, 0, '2015-04-01'),
(282, 36, 49, 1, 27.18, 0, '2015-05-04'),
(283, 96, 20, 3, 13.68, 0, '2015-01-24'),
(284, 80, 2, 2, 12.07, 0, '2015-07-22'),
(285, 52, 19, 4, 7.15, 0, '2015-05-23'),
(286, 23, 48, 3, 25.41, 0, '2015-11-06'),
(287, 128, 45, 3, 13.52, 0, '2015-04-09'),
(288, 10, 46, 3, 9.53, 0, '2015-02-11'),
(289, 115, 44, 2, 10.16, 0, '2015-12-06'),
(290, 75, 48, 2, 12.22, 0, '2015-11-24'),
(291, 88, 36, 4, 7.14, 0, '2015-03-11'),
(292, 112, 10, 4, 29.41, 0, '2015-08-24'),
(293, 106, 41, 2, 13.23, 0, '2015-07-20'),
(294, 54, 39, 4, 21.04, 0, '2015-04-25'),
(295, 128, 9, 3, 6.6, 0, '2015-08-09'),
(296, 38, 5, 4, 20.51, 0, '2015-08-08'),
(297, 64, 15, 2, 26.8, 0, '2015-06-07'),
(298, 51, 17, 3, 28.68, 0, '2015-12-17'),
(299, 113, 4, 3, 15.25, 0, '2015-11-07'),
(300, 72, 1, 3, 5.13, 0, '2015-10-16'),
(301, 33, 2, 2, 28.94, 0, '2015-05-10'),
(302, 120, 18, 2, 11.76, 0, '2015-05-20'),
(303, 116, 48, 4, 17.45, 0, '2015-05-05'),
(304, 39, 20, 3, 15.48, 0, '2015-09-12'),
(305, 15, 16, 4, 25.9, 0, '2015-03-20'),
(306, 72, 38, 3, 8.28, 0, '2015-11-21'),
(307, 67, 34, 2, 10.78, 0, '2015-04-15'),
(308, 112, 31, 3, 25.02, 0, '2015-06-24'),
(309, 26, 33, 4, 17.92, 0, '2015-10-22'),
(310, 65, 30, 3, 7.24, 0, '2015-09-22'),
(311, 66, 19, 2, 28.85, 0, '2015-07-25'),
(312, 58, 17, 3, 15.56, 0, '2015-10-02'),
(313, 72, 35, 3, 17.51, 0, '2015-02-17'),
(314, 90, 47, 2, 12.65, 0, '2015-01-07'),
(315, 30, 42, 4, 18.85, 0, '2015-05-10'),
(316, 99, 12, 4, 16.92, 0, '2015-12-19'),
(317, 53, 3, 4, 7.27, 0, '2015-05-02'),
(318, 62, 33, 2, 18.44, 0, '2015-03-16'),
(319, 77, 29, 3, 21.4, 0, '2015-05-12'),
(320, 26, 47, 3, 19.98, 0, '2015-01-14'),
(321, 63, 7, 4, 9.16, 0, '2015-10-19'),
(322, 36, 6, 3, 18.74, 0, '2015-01-13'),
(323, 126, 18, 2, 21.64, 0, '2015-03-03'),
(324, 33, 31, 3, 20.69, 0, '2015-05-17'),
(325, 1, 31, 2, 28.09, 0, '2015-11-22'),
(326, 129, 28, 3, 20.64, 0, '2015-06-04'),
(327, 99, 47, 4, 12.46, 0, '2015-06-13'),
(328, 4, 39, 1, 18.87, 0, '2015-10-09'),
(329, 120, 12, 3, 25.05, 0, '2015-09-10'),
(330, 78, 16, 2, 15.43, 0, '2015-10-18'),
(331, 38, 22, 3, 23.51, 0, '2015-09-26'),
(332, 80, 41, 3, 7.81, 0, '2015-08-21'),
(333, 60, 1, 2, 21.09, 0, '2015-05-27'),
(334, 80, 28, 1, 27.01, 0, '2015-09-09'),
(335, 34, 43, 2, 12.34, 0, '2015-11-11'),
(336, 13, 47, 1, 19.42, 0, '2015-02-23'),
(337, 110, 28, 2, 6.67, 0, '2015-04-18'),
(338, 86, 10, 3, 23.21, 0, '2015-06-20'),
(339, 3, 39, 4, 17.85, 0, '2015-01-15'),
(340, 75, 41, 4, 12.4, 0, '2015-12-09'),
(341, 12, 18, 2, 12.07, 0, '2015-04-19'),
(342, 49, 25, 3, 21.9, 0, '2015-01-26'),
(343, 32, 16, 3, 23.64, 0, '2015-08-21'),
(344, 7, 44, 1, 20.15, 0, '2015-10-21'),
(345, 73, 4, 4, 30.6, 0, '2015-07-22'),
(346, 54, 25, 1, 22.78, 0, '2015-04-15'),
(347, 43, 18, 1, 15.18, 0, '2015-06-23'),
(348, 119, 30, 2, 26.44, 0, '2015-08-11'),
(349, 57, 7, 4, 30.26, 0, '2015-03-05'),
(350, 105, 24, 3, 23.52, 0, '2015-09-10'),
(351, 103, 8, 1, 10.25, 0, '2015-06-20'),
(352, 92, 19, 1, 24.05, 0, '2015-08-05'),
(353, 86, 49, 3, 5.29, 0, '2015-04-03'),
(354, 50, 43, 4, 28.85, 0, '2015-08-08'),
(355, 41, 40, 3, 30.37, 0, '2015-03-24'),
(356, 106, 31, 3, 17.3, 0, '2015-05-13'),
(357, 43, 9, 1, 7.14, 0, '2015-12-21'),
(358, 109, 33, 1, 28.89, 0, '2015-10-20'),
(359, 75, 39, 3, 5.11, 0, '2015-09-21'),
(360, 29, 24, 3, 6.64, 0, '2015-11-13'),
(361, 48, 43, 1, 13.96, 0, '2015-01-13'),
(362, 83, 7, 1, 17.85, 0, '2015-11-05'),
(363, 2, 34, 2, 21.63, 0, '2015-02-05'),
(364, 25, 10, 3, 27.29, 0, '2015-06-20'),
(365, 96, 35, 3, 13.2, 0, '2015-11-01'),
(366, 48, 17, 2, 22.26, 0, '2015-01-01'),
(367, 107, 47, 1, 15.71, 0, '2015-01-19'),
(368, 131, 9, 3, 11.81, 0, '2015-11-02'),
(369, 86, 11, 3, 10.27, 0, '2015-02-12'),
(370, 58, 34, 4, 13.57, 0, '2015-10-26'),
(371, 69, 2, 4, 10.8, 0, '2015-10-14'),
(372, 34, 18, 2, 5.7, 0, '2015-07-14'),
(373, 12, 35, 4, 18.96, 0, '2015-01-21'),
(374, 105, 18, 4, 25.25, 0, '2015-08-23'),
(375, 32, 37, 2, 11.9, 0, '2015-09-17'),
(376, 90, 27, 1, 11.04, 0, '2015-11-07'),
(377, 12, 22, 2, 26.8, 0, '2015-11-25'),
(378, 39, 35, 1, 22.54, 0, '2015-03-22'),
(379, 6, 22, 2, 11.12, 0, '2015-05-07'),
(380, 117, 12, 1, 18.6, 0, '2015-01-24'),
(381, 127, 46, 3, 30.17, 0, '2015-01-02'),
(382, 67, 19, 4, 26.73, 0, '2015-04-19'),
(383, 85, 48, 2, 28.14, 0, '2015-03-04'),
(384, 24, 34, 2, 26.92, 0, '2015-10-17'),
(385, 57, 29, 3, 25.05, 0, '2015-03-07'),
(386, 45, 44, 3, 26.2, 0, '2015-05-02'),
(387, 102, 31, 3, 19.63, 0, '2015-08-06'),
(388, 38, 46, 2, 20.31, 0, '2015-09-24'),
(389, 102, 34, 2, 24.02, 0, '2015-01-01'),
(390, 47, 37, 1, 20.66, 0, '2015-05-01'),
(391, 74, 3, 2, 17.37, 0, '2015-11-18'),
(392, 120, 3, 2, 19.6, 0, '2015-09-04'),
(393, 99, 41, 4, 21.04, 0, '2015-03-10'),
(394, 127, 14, 4, 12.74, 0, '2015-01-03'),
(395, 33, 28, 3, 18.52, 0, '2015-12-15'),
(396, 13, 9, 2, 10.63, 0, '2015-09-27'),
(397, 130, 38, 2, 26.07, 0, '2015-10-17'),
(398, 122, 48, 1, 28.13, 0, '2015-01-12'),
(399, 67, 15, 1, 25.76, 0, '2015-09-24'),
(400, 105, 31, 1, 29.69, 0, '2015-01-17'),
(401, 120, 35, 4, 29.1, 0, '2015-09-17'),
(402, 39, 26, 3, 24.04, 0, '2015-07-23'),
(403, 86, 12, 4, 27.06, 0, '2015-12-10'),
(404, 106, 2, 4, 17.06, 0, '2015-10-03'),
(405, 14, 25, 2, 17.37, 0, '2015-08-13'),
(406, 81, 10, 4, 7.83, 0, '2015-06-28'),
(407, 110, 24, 1, 16.99, 0, '2015-05-22'),
(408, 69, 33, 4, 6.28, 0, '2015-03-04'),
(409, 42, 38, 4, 7.14, 0, '2015-05-02'),
(410, 115, 46, 2, 25.88, 0, '2015-02-09'),
(411, 116, 30, 1, 25.17, 0, '2015-04-21'),
(412, 119, 43, 4, 26.13, 0, '2015-03-27'),
(413, 13, 8, 1, 28.24, 0, '2015-09-02'),
(414, 128, 49, 2, 13.23, 0, '2015-03-25'),
(415, 16, 17, 3, 13.05, 0, '2015-06-22'),
(416, 101, 25, 2, 7.27, 0, '2015-08-26'),
(417, 73, 4, 4, 8.74, 0, '2015-09-01'),
(418, 64, 21, 3, 22.84, 0, '2015-09-27'),
(419, 19, 45, 4, 13.37, 0, '2015-02-24'),
(420, 91, 42, 3, 5.1, 0, '2015-05-28'),
(421, 122, 37, 2, 17.49, 0, '2015-01-19'),
(422, 118, 46, 4, 8.5, 0, '2015-01-25'),
(423, 1, 45, 4, 23.87, 0, '2015-04-12'),
(424, 40, 23, 4, 16.74, 0, '2015-05-05'),
(425, 110, 8, 4, 29.52, 0, '2015-12-15'),
(426, 121, 5, 1, 14.51, 0, '2015-09-01'),
(427, 4, 48, 4, 8.28, 0, '2015-12-23'),
(428, 98, 16, 2, 15.29, 0, '2015-06-23'),
(429, 68, 23, 3, 27.35, 0, '2015-11-25'),
(430, 65, 7, 3, 9.21, 0, '2015-08-27'),
(431, 69, 40, 4, 19.82, 0, '2015-10-28'),
(432, 6, 24, 2, 9.98, 0, '2015-09-01'),
(433, 1, 11, 3, 18.62, 0, '2015-09-21'),
(434, 93, 34, 2, 14.27, 0, '2015-05-01'),
(435, 9, 28, 1, 7.66, 0, '2015-12-26'),
(436, 18, 5, 3, 29.36, 0, '2015-12-19'),
(437, 64, 19, 4, 26.26, 0, '2015-05-12'),
(438, 117, 5, 4, 18.93, 0, '2015-07-07'),
(439, 58, 15, 3, 7.41, 0, '2015-08-03'),
(440, 51, 2, 2, 7.45, 0, '2015-02-11'),
(441, 128, 1, 3, 13.83, 0, '2015-10-19'),
(442, 120, 40, 4, 6.81, 0, '2015-12-14'),
(443, 65, 34, 3, 17.87, 0, '2015-08-07'),
(444, 117, 33, 2, 14.49, 0, '2015-04-11'),
(445, 55, 30, 2, 23.79, 0, '2015-05-03'),
(446, 18, 32, 4, 8.84, 0, '2015-05-07'),
(447, 86, 45, 1, 7.7, 0, '2015-05-23'),
(448, 55, 2, 2, 16.36, 0, '2015-12-09'),
(449, 1, 7, 2, 5.85, 0, '2015-05-10'),
(450, 37, 24, 1, 19.37, 0, '2015-12-14'),
(451, 13, 40, 4, 28.78, 0, '2015-11-15'),
(452, 13, 12, 4, 6.93, 0, '2015-04-09'),
(453, 130, 37, 4, 23.42, 0, '2015-05-06'),
(454, 123, 7, 1, 13.37, 0, '2015-12-25'),
(455, 12, 5, 2, 22.99, 0, '2015-10-06'),
(456, 94, 31, 2, 15.3, 0, '2015-02-08'),
(457, 21, 40, 1, 16.68, 0, '2015-07-14');

--
-- Contraintes pour les tables exportées
--

--
-- Contraintes pour la table `matches`
--
ALTER TABLE `matches`
  ADD CONSTRAINT `fk_equ_a` FOREIGN KEY (`equ_a`) REFERENCES `equipes` (`id_equipe`),
  ADD CONSTRAINT `fk_equ_b` FOREIGN KEY (`equ_b`) REFERENCES `equipes` (`id_equipe`);

--
-- Contraintes pour la table `trajet`
--
ALTER TABLE `trajet`
  ADD CONSTRAINT `fk_conducteur` FOREIGN KEY (`id_conducter`) REFERENCES `membre` (`id_mbr`),
  ADD CONSTRAINT `fk_matches` FOREIGN KEY (`id_match`) REFERENCES `matches` (`id_match`);

/*!40101 SET CHARACTER_SET_CLIENT=@OLD_CHARACTER_SET_CLIENT */;
/*!40101 SET CHARACTER_SET_RESULTS=@OLD_CHARACTER_SET_RESULTS */;
/*!40101 SET COLLATION_CONNECTION=@OLD_COLLATION_CONNECTION */;
